"id","secretID","text","createTime","authorMeta.id","authorMeta.secUid","authorMeta.name","authorMeta.nickName","authorMeta.verified","authorMeta.signature","authorMeta.avatar","authorMeta.following","authorMeta.fans","authorMeta.heart","authorMeta.video","authorMeta.digg","musicMeta.musicId","musicMeta.musicName","musicMeta.musicAuthor","musicMeta.musicOriginal","musicMeta.musicAlbum","musicMeta.playUrl","musicMeta.coverThumb","musicMeta.coverMedium","musicMeta.coverLarge","musicMeta.duration","covers.default","covers.origin","covers.dynamic","webVideoUrl","videoUrl","videoUrlNoWaterMark","videoApiUrlNoWaterMark","videoMeta.height","videoMeta.width","videoMeta.duration","diggCount","shareCount","playCount","commentCount","downloaded","mentions","hashtags","effectStickers"
"7117400883129765166","7117400883129765166","1,2,3,4 üíÉüèºüï∫üèºüé∂ Panache Dance TV üé• Dance Workouts on YouTube #dance #panachestarvideo #panachedancetv #danceworkout #fyp #fyp„Ç∑ #salsa #bachata #dwts #—Ç–∞–Ω–µ—Ü #dancecvideo",1657149037,"7109616067739747370","MS4wLjABAAAAE8RDUwJCo18CpmccErAWT0kiQlAwLQIzubG8s3cH1gQLFLVZl1Xj_OVuAXMelh67","panachedancetv","PanacheDanceTV",false,"Dance Workouts for the people who Love to Dance 
Subscribe üé• YouTube channel","https://p16-sign-va.tiktokcdn.com/tos-maliva-avt-0068/7116951272208465963~c5_1080x1080.jpeg?x-expires=1660114800&x-signature=todVcOfJ0Egidyi5CR830RgRq0s%3D",2,68,705,33,124,"7092213579738549038","original sound","OLEG ASTAKHOV",true,"","https://sf16-ies-music-va.tiktokcdn.com/obj/ies-music-ttp-dup-us/7092213593155980074.mp3","https://p16-sign-va.tiktokcdn.com/musically-maliva-obj/1643268650528773~c5_100x100.jpeg?x-expires=1660114800&x-signature=RUwrYrmFqc03aczz20Ru9E16u5E%3D","https://p16-sign-va.tiktokcdn.com/musically-maliva-obj/1643268650528773~c5_720x720.jpeg?x-expires=1660114800&x-signature=QbjjfusQTonOXUs6lWfu7D0i4uU%3D","https://p16-sign-va.tiktokcdn.com/musically-maliva-obj/1643268650528773~c5_1080x1080.jpeg?x-expires=1660114800&x-signature=Iim8yrY6gF7SMpqxFTBwleFrGag%3D",13,"https://p16-sign.tiktokcdn-us.com/obj/tos-useast5-p-0068-tx/e8dd15fdc1e9474f956baf92aab10c34?x-expires=1659963600&x-signature=U9YT4SSVGmJS1LuQts71F1Hxvhc%3D","https://p16-sign.tiktokcdn-us.com/obj/tos-useast5-p-0068-tx/aaab05d5bf094d3890f2b8d87a4c8715_1657149038?x-expires=1659963600&x-signature=0mnjOyVwFliVfiQ0gwLvYfdXHo4%3D","https://p16-sign.tiktokcdn-us.com/obj/tos-useast5-p-0068-tx/7864c0a3c7a6446cbc93b6fbb450c222_1657149038?x-expires=1659963600&x-signature=Sy6dGzr5XSphhh0hgXKwhCpZy%2Bo%3D","https://www.tiktok.com/@panachedancetv/video/7117400883129765166","https://v16-webapp.tiktok.com/961f627afefa2aa1de39b4ac887c8624/62f10952/video/tos/maliva/tos-maliva-ve-0068c799-us/ddcbb7578c82410e8c3f2f4d8bcf818f/?a=1988&ch=0&cr=0&dr=0&lr=tiktok_m&cd=0%7C0%7C1%7C0&cv=1&br=3620&bt=1810&btag=80000&cs=0&ds=3&ft=eXd.6HFMMyq8Z1XR_we2Njv9Ll7Gb&mime_type=video_mp4&qs=0&rc=ZDhnOWc8NztnZTM4NWUzNkBpamU5bjo6Zm40ZTMzZzczNEAtNF8wLi0uNjYxNjU2Y2AtYSMzLWVscjRfXjBgLS1kMS9zcw%3D%3D&l=20220808070157010217022077087E4749","","",1024,576,13,148,5,4417,2,false,"[]","[{""id"":""5054"",""name"":""dance"",""title"":"""",""cover"":""""},{""id"":""1656267403370502"",""name"":""panachestarvideo"",""title"":"""",""cover"":""""},{""id"":""7116953289647718443"",""name"":""panachedancetv"",""title"":"""",""cover"":""""},{""id"":""1825084"",""name"":""danceworkout"",""title"":"""",""cover"":""""},{""id"":""229207"",""name"":""fyp"",""title"":"""",""cover"":""""},{""id"":""1637342470396934"",""name"":""fyp„Ç∑"",""title"":"""",""cover"":""""},{""id"":""4747"",""name"":""salsa"",""title"":""O clima t√° quente no Brasil!! üòú‚òÄÔ∏èEscolha um ritmo latino pra dan√ßar e use #Salsa üíÉüíÉüíÉ Faz zumzumzum üéµ"",""cover"":""""},{""id"":""14891"",""name"":""bachata"",""title"":"""",""cover"":""""},{""id"":""13754"",""name"":""dwts"",""title"":"""",""cover"":""""},{""id"":""5283452"",""name"":""—Ç–∞–Ω–µ—Ü"",""title"":""–î–∞–≤–∞–π —Ç–∞–Ω—Ü–µ–≤–∞—Ç—å –≤–º–µ—Å—Ç–µ!üíÉüï∫üëØüëØ‚Äç‚ôÇÔ∏è"",""cover"":""""},{""id"":""10228940"",""name"":""dancecvideo"",""title"":"""",""cover"":""""}]","[]"
"7118813077226671402","7118813077226671402","Dance Like a Pro üé∂ Panache Dance TV üé• Sance Workouts YouTube  #dance #panachestarvideo #panachedancetv #danceworkout #fyp #fyp„Ç∑ #salsa #bachata #dwts #—Ç–∞–Ω–µ—Ü #dancecvideo #samba #merengue #—Ç–∞–Ω—Ü—ã",1657477840,"7109616067739747370","MS4wLjABAAAAE8RDUwJCo18CpmccErAWT0kiQlAwLQIzubG8s3cH1gQLFLVZl1Xj_OVuAXMelh67","panachedancetv","PanacheDanceTV",false,"Dance Workouts for the people who Love to Dance 
Subscribe üé• YouTube channel","https://p16-sign-va.tiktokcdn.com/tos-maliva-avt-0068/7116951272208465963~c5_1080x1080.jpeg?x-expires=1660114800&x-signature=todVcOfJ0Egidyi5CR830RgRq0s%3D",2,68,705,33,124,"7092213579738549038","original sound","OLEG ASTAKHOV",true,"","https://sf16-ies-music-va.tiktokcdn.com/obj/ies-music-ttp-dup-us/7092213593155980074.mp3","https://p16-sign-va.tiktokcdn.com/musically-maliva-obj/1643268650528773~c5_100x100.jpeg?x-expires=1660114800&x-signature=RUwrYrmFqc03aczz20Ru9E16u5E%3D","https://p16-sign-va.tiktokcdn.com/musically-maliva-obj/1643268650528773~c5_720x720.jpeg?x-expires=1660114800&x-signature=QbjjfusQTonOXUs6lWfu7D0i4uU%3D","https://p16-sign-va.tiktokcdn.com/musically-maliva-obj/1643268650528773~c5_1080x1080.jpeg?x-expires=1660114800&x-signature=Iim8yrY6gF7SMpqxFTBwleFrGag%3D",13,"https://p16-sign.tiktokcdn-us.com/obj/tos-useast5-p-0068-tx/f06d6bf13fc240cd9eee753da6db4d87_1657477842?x-expires=1659963600&x-signature=aykrpkgaAlESCeqZ8c21XAOoQgg%3D","https://p19-sign.tiktokcdn-us.com/obj/tos-useast5-p-0068-tx/c7759810bd19448c92a0f56f325545f9_1657477841?x-expires=1659963600&x-signature=1f2lUPSVGSoQTbFA74Kc3%2F6C9Kw%3D","https://p19-sign.tiktokcdn-us.com/obj/tos-useast5-p-0068-tx/b076dedbeeb246ed8b60b13e41e436b1_1657477841?x-expires=1659963600&x-signature=0Wfwxj%2BwfTzLVjp6uxQ5z7Hgikk%3D","https://www.tiktok.com/@panachedancetv/video/7118813077226671402","https://v16-webapp.tiktok.com/b34f50fbb2a5c6d5834fee29d2f6559e/62f10952/video/tos/maliva/tos-maliva-ve-0068c799-us/d6a6844e98e24bd88b13ba00e5755318/?a=1988&ch=0&cr=0&dr=0&lr=tiktok_m&cd=0%7C0%7C1%7C0&cv=1&br=5046&bt=2523&btag=80000&cs=0&ds=3&ft=eXd.6HFMMyq8Z1XR_we2Njv9Ll7Gb&mime_type=video_mp4&qs=0&rc=OGY4Mzw2Njg8NWY1N2c6ZkBpM3c5eWU6ZjxrZTMzZzczNEBfNC0xNDI0XjMxYWI1MmIwYSNzcWxocjQwZzJgLS1kMS9zcw%3D%3D&l=20220808070157010217022077087E4749","","",1024,576,13,92,6,3520,1,false,"[]","[{""id"":""5054"",""name"":""dance"",""title"":"""",""cover"":""""},{""id"":""1656267403370502"",""name"":""panachestarvideo"",""title"":"""",""cover"":""""},{""id"":""7116953289647718443"",""name"":""panachedancetv"",""title"":"""",""cover"":""""},{""id"":""1825084"",""name"":""danceworkout"",""title"":"""",""cover"":""""},{""id"":""229207"",""name"":""fyp"",""title"":"""",""cover"":""""},{""id"":""1637342470396934"",""name"":""fyp„Ç∑"",""title"":"""",""cover"":""""},{""id"":""4747"",""name"":""salsa"",""title"":""O clima t√° quente no Brasil!! üòú‚òÄÔ∏èEscolha um ritmo latino pra dan√ßar e use #Salsa üíÉüíÉüíÉ Faz zumzumzum üéµ"",""cover"":""""},{""id"":""14891"",""name"":""bachata"",""title"":"""",""cover"":""""},{""id"":""13754"",""name"":""dwts"",""title"":"""",""cover"":""""},{""id"":""5283452"",""name"":""—Ç–∞–Ω–µ—Ü"",""title"":""–î–∞–≤–∞–π —Ç–∞–Ω—Ü–µ–≤–∞—Ç—å –≤–º–µ—Å—Ç–µ!üíÉüï∫üëØüëØ‚Äç‚ôÇÔ∏è"",""cover"":""""},{""id"":""10228940"",""name"":""dancecvideo"",""title"":"""",""cover"":""""},{""id"":""22819"",""name"":""samba"",""title"":"""",""cover"":""""},{""id"":""15400"",""name"":""merengue"",""title"":"""",""cover"":""""},{""id"":""82977745"",""name"":""—Ç–∞–Ω—Ü—ã"",""title"":"""",""cover"":""""}]","[]"
"7116953781191101742","7116953781191101742","Panache Dance TV üé• Dance Workouts  #dance #panachestarvideo #panachedancetv #danceworkout #dancecvideo #fyp #fyp„Ç∑ #salsa #bachata #dwts",1657044933,"7109616067739747370","MS4wLjABAAAAE8RDUwJCo18CpmccErAWT0kiQlAwLQIzubG8s3cH1gQLFLVZl1Xj_OVuAXMelh67","panachedancetv","PanacheDanceTV",false,"Dance Workouts for the people who Love to Dance 
Subscribe üé• YouTube channel","https://p16-sign-va.tiktokcdn.com/tos-maliva-avt-0068/7116951272208465963~c5_1080x1080.jpeg?x-expires=1660114800&x-signature=todVcOfJ0Egidyi5CR830RgRq0s%3D",2,68,705,33,124,"7092213579738549038","original sound","OLEG ASTAKHOV",true,"","https://sf16-ies-music-va.tiktokcdn.com/obj/ies-music-ttp-dup-us/7092213593155980074.mp3","https://p16-sign-va.tiktokcdn.com/musically-maliva-obj/1643268650528773~c5_100x100.jpeg?x-expires=1660114800&x-signature=RUwrYrmFqc03aczz20Ru9E16u5E%3D","https://p16-sign-va.tiktokcdn.com/musically-maliva-obj/1643268650528773~c5_720x720.jpeg?x-expires=1660114800&x-signature=QbjjfusQTonOXUs6lWfu7D0i4uU%3D","https://p16-sign-va.tiktokcdn.com/musically-maliva-obj/1643268650528773~c5_1080x1080.jpeg?x-expires=1660114800&x-signature=Iim8yrY6gF7SMpqxFTBwleFrGag%3D",13,"https://p16-sign.tiktokcdn-us.com/obj/tos-useast5-p-0068-tx/3cf5e2293b334d4ba094f99cbab7e8e0_1657044935?x-expires=1659963600&x-signature=vrkFhRFn3oPyQqmftBQlNeQ1ptQ%3D","https://p16-sign.tiktokcdn-us.com/obj/tos-useast5-p-0068-tx/3a2bfb2a01f947be97a99df2a4410b73_1657044934?x-expires=1659963600&x-signature=NLV2IGvHECQ4%2BzBTeSorvVvSA44%3D","https://p19-sign.tiktokcdn-us.com/obj/tos-useast5-p-0068-tx/a6d4c5a4d504460aa3e98d8016f60db8_1657044935?x-expires=1659963600&x-signature=FgEqbcCLPe%2FyNJa3SP0rM7StDlg%3D","https://www.tiktok.com/@panachedancetv/video/7116953781191101742","https://v16-webapp.tiktok.com/71149bcd746ddebe0b8357793ccb56c5/62f10951/video/tos/maliva/tos-maliva-ve-0068c799-us/a8770556137a4a64b43d95872e02575d/?a=1988&ch=0&cr=0&dr=0&lr=tiktok_m&cd=0%7C0%7C0%7C0&br=4396&bt=2198&btag=80000&cs=0&ds=3&ft=eXd.6HFMMyq8Z1XR_we2Njv9Ll7Gb&mime_type=video_mp4&qs=0&rc=M2k0ZGc0aDxpNTs3Ojs3NkBpM3AzNGg6ZnQ6ZTMzZzczNEBjYy9fNmMzX2MxYTVfLTEvYSNzMmA2cjRvcC9gLS1kMS9zcw%3D%3D&l=20220808070157010217022077087E4749","","",1024,576,13,46,0,1043,1,false,"[]","[{""id"":""5054"",""name"":""dance"",""title"":"""",""cover"":""""},{""id"":""1656267403370502"",""name"":""panachestarvideo"",""title"":"""",""cover"":""""},{""id"":""7116953289647718443"",""name"":""panachedancetv"",""title"":"""",""cover"":""""},{""id"":""1825084"",""name"":""danceworkout"",""title"":"""",""cover"":""""},{""id"":""10228940"",""name"":""dancecvideo"",""title"":"""",""cover"":""""},{""id"":""229207"",""name"":""fyp"",""title"":"""",""cover"":""""},{""id"":""1637342470396934"",""name"":""fyp„Ç∑"",""title"":"""",""cover"":""""},{""id"":""4747"",""name"":""salsa"",""title"":""O clima t√° quente no Brasil!! üòú‚òÄÔ∏èEscolha um ritmo latino pra dan√ßar e use #Salsa üíÉüíÉüíÉ Faz zumzumzum üéµ"",""cover"":""""},{""id"":""14891"",""name"":""bachata"",""title"":"""",""cover"":""""},{""id"":""13754"",""name"":""dwts"",""title"":"""",""cover"":""""}]","[]"
"6894043268095462658","6894043268095462658","Pour out the whole damn seal #roddyrich #dancer #dancecvideo #thebox #fyp",1605144534,"353031","MS4wLjABAAAADMhxhe1waPm6oMX4CDiDvjwagCYpKsiRxy-KmZ5U91M","norkin4life","Nor Kin4life",false,"Creator of viral hit #LOOKATMYHAIR and the #LOOKATMYHAIRCHALLENGE.  POST YOURS!","https://p16-sign-va.tiktokcdn.com/tos-maliva-avt-0068/011fdf9a340499a817bb158e840eedcb~c5_1080x1080.jpeg?x-expires=1660114800&x-signature=CAWnpy%2Bf3q325frrO22sqKCNyrE%3D",1734,14900,102000,527,17200,"6894043235757378306","original sound","Nor Kin4life",true,"","https://sf16-ies-music-sg.tiktokcdn.com/obj/tiktok-obj/6894043125493320449.mp3","https://p16-sign-va.tiktokcdn.com/tos-maliva-avt-0068/011fdf9a340499a817bb158e840eedcb~c5_100x100.jpeg?x-expires=1660114800&x-signature=PtsJrzfmsHF2DwXFd5ZKr65kFaM%3D","https://p16-sign-va.tiktokcdn.com/tos-maliva-avt-0068/011fdf9a340499a817bb158e840eedcb~c5_720x720.jpeg?x-expires=1660114800&x-signature=Yo1r8gBxwmHXDPeZF6r%2BZJhBy6c%3D","https://p16-sign-va.tiktokcdn.com/tos-maliva-avt-0068/011fdf9a340499a817bb158e840eedcb~c5_1080x1080.jpeg?x-expires=1660114800&x-signature=CAWnpy%2Bf3q325frrO22sqKCNyrE%3D",29,"https://p16-sign-sg.tiktokcdn.com/obj/tos-alisg-p-0037/bc579f46703f4ab9b447fa856ed2cd0c_1605144536?x-expires=1659963600&x-signature=MRQc3u%2FG6BRVrFSZbtLQHu%2Bnrig%3D","https://p16-sign-sg.tiktokcdn.com/obj/tos-alisg-p-0037/b8e3ba3d0f994cf78b606f1b6c8f306e_1605144536?x-expires=1659963600&x-signature=Aes1bOtmycBqbHuvf2nYLQNM9sw%3D","https://p16-sign-sg.tiktokcdn.com/obj/tos-alisg-p-0037/a2d1c942f7ae42d3bbc579db6606f282_1605144536?x-expires=1659963600&x-signature=j5bvsi3iKABjXKeP3vypmXc2vyc%3D","https://www.tiktok.com/@norkin4life/video/6894043268095462658","https://v16-webapp.tiktok.com/99d90a99f384b3c7f8b77631b7477634/62f10962/video/tos/alisg/tos-alisg-pve-0037c001/78f46567394144b0bc5eccef122b7da4/?a=1988&ch=0&cr=0&dr=0&lr=tiktok_m&cd=0%7C0%7C0%7C0&br=2196&bt=1098&btag=80000&cs=0&ds=3&ft=eXd.6HFMMyq8Z1XR_we2Njv9Ll7Gb&mime_type=video_mp4&qs=0&rc=Nzs4M2RkODxlZ2U8Z2doZ0Bpampkb3J3Zmo7eDMzNjczM0AyXmFiLTUvXy4xMzJeLmIyYSNwMi1raGw1c2pfLS0wMTRzcw%3D%3D&l=20220808070157010217022077087E4749","","",720,576,29,39,0,580,6,false,"[]","[{""id"":""1611678734340101"",""name"":""roddyrich"",""title"":"""",""cover"":""""},{""id"":""5527"",""name"":""dancer"",""title"":"""",""cover"":""""},{""id"":""10228940"",""name"":""dancecvideo"",""title"":"""",""cover"":""""},{""id"":""369604"",""name"":""thebox"",""title"":"""",""cover"":""""},{""id"":""229207"",""name"":""fyp"",""title"":"""",""cover"":""""}]","[]"
"7117984121774722346","7117984121774722346","Merengue üé∂ Panache Dance TV üé• Dance Workouts YouTube #dance #panachestarvideo #panachedancetv #danceworkout #fyp #fyp„Ç∑ #salsa #bachata #dwts #—Ç–∞–Ω–µ—Ü #dancecvideo #merengue #samba",1657284832,"7109616067739747370","MS4wLjABAAAAE8RDUwJCo18CpmccErAWT0kiQlAwLQIzubG8s3cH1gQLFLVZl1Xj_OVuAXMelh67","panachedancetv","PanacheDanceTV",false,"Dance Workouts for the people who Love to Dance 
Subscribe üé• YouTube channel","https://p16-sign-va.tiktokcdn.com/tos-maliva-avt-0068/7116951272208465963~c5_1080x1080.jpeg?x-expires=1660114800&x-signature=todVcOfJ0Egidyi5CR830RgRq0s%3D",2,68,705,33,124,"6886849042895079425","La Due√±a del Swing","Los Hermanos Rosario",false,"Latino! Grandes √âxitos - Juan Luis Guerra / Karen Records","https://sf16-ies-music-va.tiktokcdn.com/obj/tos-useast2a-ve-2774/b25928ea3ca34d0fbe2e00a83f55f34a","https://p16-amd-va.tiktokcdn.com/img/tos-useast2a-v-2774/15ee3665a1a0434eb235e9f0e842cd80~c5_100x100.jpeg","https://p16-amd-va.tiktokcdn.com/img/tos-useast2a-v-2774/15ee3665a1a0434eb235e9f0e842cd80~c5_200x200.jpeg","https://p16-amd-va.tiktokcdn.com/img/tos-useast2a-v-2774/15ee3665a1a0434eb235e9f0e842cd80~c5_720x720.jpeg",60,"https://p16-sign.tiktokcdn-us.com/obj/tos-useast5-p-0068-tx/fddb06c410d140868b5e281eaff7c51d_1657284834?x-expires=1659963600&x-signature=Rh8O7kgWl4rmLm0B%2FVnKdJYG5ZM%3D","https://p16-sign.tiktokcdn-us.com/obj/tos-useast5-p-0068-tx/cbcc165411644d9abc96bf125c0ec58f_1657284833?x-expires=1659963600&x-signature=L5aKdVn5yQXs0Qm4arn3MQ%2Bo8MY%3D","https://p19-sign.tiktokcdn-us.com/obj/tos-useast5-p-0068-tx/8051865174f24734912820b25189c6ce_1657284834?x-expires=1659963600&x-signature=jHqpFYuMP7k%2BuMK3aDvXQjwCVKE%3D","https://www.tiktok.com/@panachedancetv/video/7117984121774722346","https://v16-webapp.tiktok.com/bbad7ed1a484145ebc3bbcf519ee33c6/62f10957/video/tos/maliva/tos-maliva-ve-0068c799-us/51231008cdc944f6af6a9d3e8f3316aa/?a=1988&ch=0&cr=0&dr=0&lr=tiktok_m&cd=0%7C0%7C0%7C0&br=5012&bt=2506&btag=80000&cs=0&ds=3&ft=eXd.6HFMMyq8Z1XR_we2Njv9Ll7Gb&mime_type=video_mp4&qs=0&rc=MzplMzQ6Zzs7M2g8ODY6ZkBpamU8NGg6ZnA1ZTMzZzczNEAtMjYzLzNhNTMxYGFjYjIwYSMtcmI2cjRvZTFgLS1kMS9zcw%3D%3D&l=20220808070157010217022077087E4749","","",1024,576,18,34,2,1102,0,false,"[]","[{""id"":""5054"",""name"":""dance"",""title"":"""",""cover"":""""},{""id"":""1656267403370502"",""name"":""panachestarvideo"",""title"":"""",""cover"":""""},{""id"":""7116953289647718443"",""name"":""panachedancetv"",""title"":"""",""cover"":""""},{""id"":""1825084"",""name"":""danceworkout"",""title"":"""",""cover"":""""},{""id"":""229207"",""name"":""fyp"",""title"":"""",""cover"":""""},{""id"":""1637342470396934"",""name"":""fyp„Ç∑"",""title"":"""",""cover"":""""},{""id"":""4747"",""name"":""salsa"",""title"":""O clima t√° quente no Brasil!! üòú‚òÄÔ∏èEscolha um ritmo latino pra dan√ßar e use #Salsa üíÉüíÉüíÉ Faz zumzumzum üéµ"",""cover"":""""},{""id"":""14891"",""name"":""bachata"",""title"":"""",""cover"":""""},{""id"":""13754"",""name"":""dwts"",""title"":"""",""cover"":""""},{""id"":""5283452"",""name"":""—Ç–∞–Ω–µ—Ü"",""title"":""–î–∞–≤–∞–π —Ç–∞–Ω—Ü–µ–≤–∞—Ç—å –≤–º–µ—Å—Ç–µ!üíÉüï∫üëØüëØ‚Äç‚ôÇÔ∏è"",""cover"":""""},{""id"":""10228940"",""name"":""dancecvideo"",""title"":"""",""cover"":""""},{""id"":""15400"",""name"":""merengue"",""title"":"""",""cover"":""""},{""id"":""22819"",""name"":""samba"",""title"":"""",""cover"":""""}]","[]"
"7117653458827627822","7117653458827627822","Panache Dance TV üé∂ Dance Workouts üé• YouTube #dance #panachestarvideo #panachedancetv #danceworkout #fyp #fyp„Ç∑ #salsa #bachata #dwts #—Ç–∞–Ω–µ—Ü #dancecvideo #samba",1657207840,"7109616067739747370","MS4wLjABAAAAE8RDUwJCo18CpmccErAWT0kiQlAwLQIzubG8s3cH1gQLFLVZl1Xj_OVuAXMelh67","panachedancetv","PanacheDanceTV",false,"Dance Workouts for the people who Love to Dance 
Subscribe üé• YouTube channel","https://p16-sign-va.tiktokcdn.com/tos-maliva-avt-0068/7116951272208465963~c5_1080x1080.jpeg?x-expires=1660114800&x-signature=todVcOfJ0Egidyi5CR830RgRq0s%3D",2,68,705,33,124,"7086990698662120219","nh·∫°c n·ªÅn - XCars","XCars",true,"","https://sf16-ies-music.tiktokcdn.com/obj/ies-music-aiso/7086990724209658651.mp3","https://p16-sign-va.tiktokcdn.com/tos-useast2a-avt-0068-giso/94786f38d25f5af3bac0cbd93a9777f0~c5_100x100.jpeg?x-expires=1660114800&x-signature=T7M%2BzHejscOFnLv2GGHjbYYmOQM%3D","https://p16-sign-va.tiktokcdn.com/tos-useast2a-avt-0068-giso/94786f38d25f5af3bac0cbd93a9777f0~c5_720x720.jpeg?x-expires=1660114800&x-signature=a0zku%2B%2B5uPGZmuPgYNS0KaCGYKQ%3D","https://p16-sign-va.tiktokcdn.com/tos-useast2a-avt-0068-giso/94786f38d25f5af3bac0cbd93a9777f0~c5_1080x1080.jpeg?x-expires=1660114800&x-signature=aJh3I%2BO%2FuMF4IKZOwpM5WbVZ4II%3D",12,"https://p19-sign.tiktokcdn-us.com/obj/tos-useast5-p-0068-tx/88216528cba942a19f7e0c556a7a760c_1657207841?x-expires=1659963600&x-signature=Kj5%2FAccgSy2mJ9bhdOIPhVr3mRA%3D","https://p16-sign.tiktokcdn-us.com/obj/tos-useast5-p-0068-tx/4f61016f909e464e9c8854dad957010f_1657207841?x-expires=1659963600&x-signature=29u%2Blf%2F%2Bvzj%2FlUT9BXPqf4yeZ64%3D","https://p16-sign.tiktokcdn-us.com/obj/tos-useast5-p-0068-tx/41d889dc4fbf41908a8c88b92056bfea_1657207842?x-expires=1659963600&x-signature=o3KmAaziD%2FFlzDyGkoZEuIvuXBg%3D","https://www.tiktok.com/@panachedancetv/video/7117653458827627822","https://v16-webapp.tiktok.com/31664441963e5af61b5dd01a82332dbc/62f10951/video/tos/maliva/tos-maliva-ve-0068c799-us/a05df8bffa5b4e7998c1f6bfeaf1f7d6/?a=1988&ch=0&cr=0&dr=0&lr=tiktok_m&cd=0%7C0%7C0%7C0&br=6838&bt=3419&btag=80000&cs=0&ds=3&ft=eXd.6HFMMyq8Z1XR_we2Njv9Ll7Gb&mime_type=video_mp4&qs=0&rc=PDkzZjUzMzQ8PDc4aTM6NEBpam13Nmc6Zm5pZTMzZzczNEBfLV4vXmAvXmAxLjQyYTAtYSMyNGkzcjRvaTBgLS1kMS9zcw%3D%3D&l=20220808070157010217022077087E4749","","",1024,576,12,23,0,669,0,false,"[]","[{""id"":""5054"",""name"":""dance"",""title"":"""",""cover"":""""},{""id"":""1656267403370502"",""name"":""panachestarvideo"",""title"":"""",""cover"":""""},{""id"":""7116953289647718443"",""name"":""panachedancetv"",""title"":"""",""cover"":""""},{""id"":""1825084"",""name"":""danceworkout"",""title"":"""",""cover"":""""},{""id"":""229207"",""name"":""fyp"",""title"":"""",""cover"":""""},{""id"":""1637342470396934"",""name"":""fyp„Ç∑"",""title"":"""",""cover"":""""},{""id"":""4747"",""name"":""salsa"",""title"":""O clima t√° quente no Brasil!! üòú‚òÄÔ∏èEscolha um ritmo latino pra dan√ßar e use #Salsa üíÉüíÉüíÉ Faz zumzumzum üéµ"",""cover"":""""},{""id"":""14891"",""name"":""bachata"",""title"":"""",""cover"":""""},{""id"":""13754"",""name"":""dwts"",""title"":"""",""cover"":""""},{""id"":""5283452"",""name"":""—Ç–∞–Ω–µ—Ü"",""title"":""–î–∞–≤–∞–π —Ç–∞–Ω—Ü–µ–≤–∞—Ç—å –≤–º–µ—Å—Ç–µ!üíÉüï∫üëØüëØ‚Äç‚ôÇÔ∏è"",""cover"":""""},{""id"":""10228940"",""name"":""dancecvideo"",""title"":"""",""cover"":""""},{""id"":""22819"",""name"":""samba"",""title"":"""",""cover"":""""}]","[]"
"7118386380916411691","7118386380916411691","Dance Workouts üé∂ Panache Dance TV üé• YouTube #dance #panachestarvideo #panachedancetv #danceworkout #fyp #fyp„Ç∑ #salsa #bachata #dwts #—Ç–∞–Ω–µ—Ü #dancecvideo #samba",1657378487,"7109616067739747370","MS4wLjABAAAAE8RDUwJCo18CpmccErAWT0kiQlAwLQIzubG8s3cH1gQLFLVZl1Xj_OVuAXMelh67","panachedancetv","PanacheDanceTV",false,"Dance Workouts for the people who Love to Dance 
Subscribe üé• YouTube channel","https://p16-sign-va.tiktokcdn.com/tos-maliva-avt-0068/7116951272208465963~c5_1080x1080.jpeg?x-expires=1660114800&x-signature=todVcOfJ0Egidyi5CR830RgRq0s%3D",2,68,705,33,124,"7074231256631986950","Dame Tu Cosita (feat. Cutty Ranks)","El Chombo",false,"Dame Tu Cosita (feat. Cutty Ranks)","https://sf16-ies-music-va.tiktokcdn.com/obj/tos-useast2a-ve-2774/0abdeacf501e4aa4bfeb5be367947669","https://p16-amd-va.tiktokcdn.com/img/tos-useast2a-v-2774/40f90bb0192c4472b05aecdc0a5891a1~c5_100x100.jpeg","https://p16-amd-va.tiktokcdn.com/img/tos-useast2a-v-2774/40f90bb0192c4472b05aecdc0a5891a1~c5_200x200.jpeg","https://p16-amd-va.tiktokcdn.com/img/tos-useast2a-v-2774/40f90bb0192c4472b05aecdc0a5891a1~c5_720x720.jpeg",9,"https://p19-sign.tiktokcdn-us.com/obj/tos-useast5-p-0068-tx/d96c1c96debf46dc8c85e45124fe2e1b_1657378488?x-expires=1659963600&x-signature=gOFYxsRjY4%2B9gpI3DXsWBvvdggE%3D","https://p16-sign.tiktokcdn-us.com/obj/tos-useast5-p-0068-tx/eb3299378af8417da95d03ddbac72d9e_1657378488?x-expires=1659963600&x-signature=jGunSLkMbJUirZFhRm46B5Izes0%3D","https://p16-sign.tiktokcdn-us.com/obj/tos-useast5-p-0068-tx/9b887db90850484299f221503dafebb8_1657378488?x-expires=1659963600&x-signature=s97pE4ORQXedRil7hQA19G%2BImY8%3D","https://www.tiktok.com/@panachedancetv/video/7118386380916411691","https://v16-webapp.tiktok.com/6214ccf25c3b5157b36facccd5006c81/62f1094d/video/tos/maliva/tos-maliva-ve-0068c799-us/dae272d3b2144dc5a4b757b34b53eb87/?a=1988&ch=0&cr=0&dr=0&lr=tiktok_m&cd=0%7C0%7C0%7C0&br=4402&bt=2201&btag=80000&cs=0&ds=3&ft=eXd.6HFMMyq8Z1XR_we2Njv9Ll7Gb&mime_type=video_mp4&qs=0&rc=OzY7NGVpZzplN2Q6NWY5NUBpajxoNmc6ZnBzZTMzZzczNEAyMmIzMmEyXy4xNl5hLTQtYSNhLmszcjRnXzFgLS1kMS9zcw%3D%3D&l=20220808070157010217022077087E4749","","",1024,576,9,15,0,552,0,false,"[]","[{""id"":""5054"",""name"":""dance"",""title"":"""",""cover"":""""},{""id"":""1656267403370502"",""name"":""panachestarvideo"",""title"":"""",""cover"":""""},{""id"":""7116953289647718443"",""name"":""panachedancetv"",""title"":"""",""cover"":""""},{""id"":""1825084"",""name"":""danceworkout"",""title"":"""",""cover"":""""},{""id"":""229207"",""name"":""fyp"",""title"":"""",""cover"":""""},{""id"":""1637342470396934"",""name"":""fyp„Ç∑"",""title"":"""",""cover"":""""},{""id"":""4747"",""name"":""salsa"",""title"":""O clima t√° quente no Brasil!! üòú‚òÄÔ∏èEscolha um ritmo latino pra dan√ßar e use #Salsa üíÉüíÉüíÉ Faz zumzumzum üéµ"",""cover"":""""},{""id"":""14891"",""name"":""bachata"",""title"":"""",""cover"":""""},{""id"":""13754"",""name"":""dwts"",""title"":"""",""cover"":""""},{""id"":""5283452"",""name"":""—Ç–∞–Ω–µ—Ü"",""title"":""–î–∞–≤–∞–π —Ç–∞–Ω—Ü–µ–≤–∞—Ç—å –≤–º–µ—Å—Ç–µ!üíÉüï∫üëØüëØ‚Äç‚ôÇÔ∏è"",""cover"":""""},{""id"":""10228940"",""name"":""dancecvideo"",""title"":"""",""cover"":""""},{""id"":""22819"",""name"":""samba"",""title"":"""",""cover"":""""}]","[]"
"115555271736729600","115555271736729600","#dancecvideo#teachmehowtoduggie#mexicanandpolishfriends#",1467893239,"114758033150287872","MS4wLjABAAAACeAxd-I3QNOHJIJ55t-MUW_pWrsD7rW_yMl_XQnZBduaLVhSdXwX9bhWXcFSHHYq","paulinazieliska4","Paulina Zieli≈Ñska",false,"","https://p16-sign-va.tiktokcdn.com/musically-maliva-obj/1594805258216454~c5_1080x1080.jpeg?x-expires=1660114800&x-signature=IulHSHwZuRt%2FlC6kb1okxi2yNYc%3D",3,31,60,5,4,"119959161","original sound","Paulina Zieli≈Ñska",true,"","https://sf16-ies-music-va.tiktokcdn.com/obj/musically-maliva-obj/6881653894015978245.mp3","https://p77-sign-va-lite.tiktokcdn.com/musically-maliva-obj/1594805258216454~c5_100x100.jpeg?x-expires=1660114800&x-signature=PnhQkj26G0nGm%2B5aISqDq4R%2Bi1g%3D","https://p77-sign-va.tiktokcdn.com/musically-maliva-obj/1594805258216454~c5_720x720.jpeg?x-expires=1660114800&x-signature=coYVI5WB2V5OTV8Uda6CWpb0RDA%3D","https://p16-sign-va.tiktokcdn.com/musically-maliva-obj/1594805258216454~c5_1080x1080.jpeg?x-expires=1660114800&x-signature=IulHSHwZuRt%2FlC6kb1okxi2yNYc%3D",15,"https://p16-sign-va.tiktokcdn.com/obj/tos-maliva-p-0068/reg02/2016/07/07/20/fe8055bc-09eb-4311-bb57-291fa0896729.jpg?x-expires=1659963600&x-signature=RXH%2FnzVyNnF6tvYK1OTliVlc45w%3D","https://p16-sign-va.tiktokcdn.com/obj/tos-maliva-p-0068/reg02/2016/07/07/20/fe8055bc-09eb-4311-bb57-291fa0896729.jpg?x-expires=1659963600&x-signature=RXH%2FnzVyNnF6tvYK1OTliVlc45w%3D","https://p16-sign-va.tiktokcdn.com/obj/tos-maliva-p-0068/reg02/2016/07/07/20/ed9343e3-3a8b-4323-938b-183307319dbb.webp?x-expires=1659963600&x-signature=zahXjEX%2B0O58WV9dgKgyUvYccZc%3D","https://www.tiktok.com/@paulinazieliska4/video/115555271736729600","https://v16-webapp.tiktok.com/a55ae1a8489c471b258f58f42f90d006/62f1094d/video/tos/alisg/tos-alisg-pv-0037c001/reg02/2016/07/07/20/135cb717-a188-4a4f-b6d9-e85331835706.mp4/?a=1988&ch=0&cr=0&dr=0&lr=tiktok_m&cd=0%7C0%7C0%7C0&br=0&bt=0&btag=40000&ds=3&ft=eXd.6HFMMyq8Z1XR_we2Njv9Ll7Gb&mime_type=video_mp4&qs=13&rc=anRudHE4a2plcjMzPDczM0BpanRudHE4a2plcjMzPDczM0AvZzIxc3MvajBfLS0xMV9zYSMvZzIxc3MvajBfLS0xMV9zcw%3D%3D&l=20220808070157010217022077087E4749","","",1280,720,8,13,0,142,0,false,"[]","[{""id"":""10228940"",""name"":""dancecvideo"",""title"":"""",""cover"":""""},{""id"":""2559158"",""name"":""teachmehowtoduggie"",""title"":"""",""cover"":""""},{""id"":""20271936"",""name"":""mexicanandpolishfriends"",""title"":"""",""cover"":""""}]","[]"
"7120983945566752046","7120983945566752046","Salsa üé∂ Dance Like a Pro üé• Panache Dance TV üé∂ Dance Workouts YouTube #dance #panachestarvideo #panachedancetv #danceworkout #fyp #fyp„Ç∑ #salsa #bachata #dwts #—Ç–∞–Ω–µ—Ü #dancecvideo #merengue",1657983281,"7109616067739747370","MS4wLjABAAAAE8RDUwJCo18CpmccErAWT0kiQlAwLQIzubG8s3cH1gQLFLVZl1Xj_OVuAXMelh67","panachedancetv","PanacheDanceTV",false,"Dance Workouts for the people who Love to Dance 
Subscribe üé• YouTube channel","https://p16-sign-va.tiktokcdn.com/tos-maliva-avt-0068/7116951272208465963~c5_1080x1080.jpeg?x-expires=1660114800&x-signature=todVcOfJ0Egidyi5CR830RgRq0s%3D",2,68,705,33,124,"6804364872113981441","Salsa","Yuri Buenaventura",false,"Salsabor 2","https://sf16-ies-music-va.tiktokcdn.com/obj/tos-useast2a-ve-2774/34a8dbf6b8004a4d9bb5cba0a17a4d54","https://p16-amd-va.tiktokcdn.com/img/tos-useast2a-v-2774/17ebd024065d4d89abef5a171cce965d~c5_100x100.jpeg","https://p16-amd-va.tiktokcdn.com/img/tos-useast2a-v-2774/17ebd024065d4d89abef5a171cce965d~c5_200x200.jpeg","https://p16-amd-va.tiktokcdn.com/img/tos-useast2a-v-2774/17ebd024065d4d89abef5a171cce965d~c5_720x720.jpeg",60,"https://p16-sign.tiktokcdn-us.com/obj/tos-useast5-p-0068-tx/f5826f8fbb974da385ab37c0b53ee0a9_1657983282?x-expires=1659963600&x-signature=OSdtqaOHPuf5EbylhaRwht8r7xw%3D","https://p19-sign.tiktokcdn-us.com/obj/tos-useast5-p-0068-tx/55590df8285e450b896bc89bd09333d6_1657983282?x-expires=1659963600&x-signature=Nr7QHPiTJVb8U%2FiO9KMzUzq0M5Y%3D","https://p16-sign.tiktokcdn-us.com/obj/tos-useast5-p-0068-tx/ae9808656d15453b86a2347d39a2a8e4_1657983282?x-expires=1659963600&x-signature=ecsf4aTjL6KOl045V6snoqeUD8I%3D","https://www.tiktok.com/@panachedancetv/video/7120983945566752046","https://v16-webapp.tiktok.com/afb5d5319b9437162c42ade01ad842d3/62f1095d/video/tos/maliva/tos-maliva-ve-0068c799-us/c3291932d0064751972c680f66708f09/?a=1988&ch=0&cr=0&dr=0&lr=tiktok_m&cd=0%7C0%7C0%7C0&br=6042&bt=3021&btag=80000&cs=0&ds=3&ft=eXd.6HFMMyq8Z1XR_we2Njv9Ll7Gb&mime_type=video_mp4&qs=0&rc=OWVpNTtmaGQ2OWQ5MzY1O0BpajQ8bjo6ZmRnZTMzZzczNEAvLzNjYV8uNV4xXjEwNl8vYSNmYm82cjRfLzZgLS1kMS9zcw%3D%3D&l=20220808070157010217022077087E4749","","",1024,576,24,13,0,256,0,false,"[]","[{""id"":""5054"",""name"":""dance"",""title"":"""",""cover"":""""},{""id"":""1656267403370502"",""name"":""panachestarvideo"",""title"":"""",""cover"":""""},{""id"":""7116953289647718443"",""name"":""panachedancetv"",""title"":"""",""cover"":""""},{""id"":""1825084"",""name"":""danceworkout"",""title"":"""",""cover"":""""},{""id"":""229207"",""name"":""fyp"",""title"":"""",""cover"":""""},{""id"":""1637342470396934"",""name"":""fyp„Ç∑"",""title"":"""",""cover"":""""},{""id"":""4747"",""name"":""salsa"",""title"":""O clima t√° quente no Brasil!! üòú‚òÄÔ∏èEscolha um ritmo latino pra dan√ßar e use #Salsa üíÉüíÉüíÉ Faz zumzumzum üéµ"",""cover"":""""},{""id"":""14891"",""name"":""bachata"",""title"":"""",""cover"":""""},{""id"":""13754"",""name"":""dwts"",""title"":"""",""cover"":""""},{""id"":""5283452"",""name"":""—Ç–∞–Ω–µ—Ü"",""title"":""–î–∞–≤–∞–π —Ç–∞–Ω—Ü–µ–≤–∞—Ç—å –≤–º–µ—Å—Ç–µ!üíÉüï∫üëØüëØ‚Äç‚ôÇÔ∏è"",""cover"":""""},{""id"":""10228940"",""name"":""dancecvideo"",""title"":"""",""cover"":""""},{""id"":""15400"",""name"":""merengue"",""title"":"""",""cover"":""""}]","[]"
"7117292135178571051","7117292135178571051","Samba üé∂ Panache Dance TV üé•  #dance #panachestarvideo #panachedancetv #danceworkout #fyp #fyp„Ç∑ #salsa #bachata #dwts #—Ç–∞–Ω–µ—Ü #dancecvideo #samba",1657123713,"7109616067739747370","MS4wLjABAAAAE8RDUwJCo18CpmccErAWT0kiQlAwLQIzubG8s3cH1gQLFLVZl1Xj_OVuAXMelh67","panachedancetv","PanacheDanceTV",false,"Dance Workouts for the people who Love to Dance 
Subscribe üé• YouTube channel","https://p16-sign-va.tiktokcdn.com/tos-maliva-avt-0068/7116951272208465963~c5_1080x1080.jpeg?x-expires=1660114800&x-signature=todVcOfJ0Egidyi5CR830RgRq0s%3D",2,68,705,33,124,"7067706375530777350","sonido original","Johnnyüéß",true,"","https://sf16-ies-music-va.tiktokcdn.com/obj/musically-maliva-obj/7067706364709128965.mp3","https://p16-sign-va.tiktokcdn.com/tos-maliva-avt-0068/c7962c510818751f86e5a6fb3958d0ba~c5_100x100.jpeg?x-expires=1660114800&x-signature=FVoVGMAJXGIxcwdgV2LlsExqVvw%3D","https://p16-sign-va.tiktokcdn.com/tos-maliva-avt-0068/c7962c510818751f86e5a6fb3958d0ba~c5_720x720.jpeg?x-expires=1660114800&x-signature=8qMUrrKdOC5Zdj8qq9qIgAFAgH4%3D","https://p16-sign-va.tiktokcdn.com/tos-maliva-avt-0068/c7962c510818751f86e5a6fb3958d0ba~c5_1080x1080.jpeg?x-expires=1660114800&x-signature=rzaE2%2FnxfJfxlgGF8ngnxEHFPhM%3D",20,"https://p16-sign.tiktokcdn-us.com/obj/tos-useast5-p-0068-tx/f8af586206bf4f7c9b595d9db72d0400?x-expires=1659963600&x-signature=Ejl1C1L5%2BKTXMx3fW%2BIkiviFGDE%3D","https://p19-sign.tiktokcdn-us.com/obj/tos-useast5-p-0068-tx/36f9770048054369aa10fb469219617d_1657123714?x-expires=1659963600&x-signature=yikAhqu1Y%2F8qzKCZ%2FzEI4e72tSk%3D","https://p19-sign.tiktokcdn-us.com/obj/tos-useast5-p-0068-tx/6bad5343218d4371a15999ca17b29518_1657123714?x-expires=1659963600&x-signature=IAt%2BDIzdeGmMLbRVml2bot8l8pY%3D","https://www.tiktok.com/@panachedancetv/video/7117292135178571051","https://v16-webapp.tiktok.com/228e5e6d01b4d731dcffb605cac8feb0/62f1094f/video/tos/maliva/tos-maliva-ve-0068c799-us/82fc4c2595d4439d88f52b6b1e233763/?a=1988&ch=0&cr=0&dr=0&lr=tiktok_m&cd=0%7C0%7C0%7C0&br=3346&bt=1673&btag=80000&cs=0&ds=3&ft=eXd.6HFMMyq8Z1XR_we2Njv9Ll7Gb&mime_type=video_mp4&qs=0&rc=Z2ZkNDk7PDk2NzVlOTNoM0BpM2puZ2U6Zml1ZTMzZzczNEA0MjEuNS9eXi0xNC0yNTAwYSNfMjM2cjRvMS9gLS1kMS9zcw%3D%3D&l=20220808070157010217022077087E4749","","",1024,576,10,13,0,592,0,false,"[]","[{""id"":""5054"",""name"":""dance"",""title"":"""",""cover"":""""},{""id"":""1656267403370502"",""name"":""panachestarvideo"",""title"":"""",""cover"":""""},{""id"":""7116953289647718443"",""name"":""panachedancetv"",""title"":"""",""cover"":""""},{""id"":""1825084"",""name"":""danceworkout"",""title"":"""",""cover"":""""},{""id"":""229207"",""name"":""fyp"",""title"":"""",""cover"":""""},{""id"":""1637342470396934"",""name"":""fyp„Ç∑"",""title"":"""",""cover"":""""},{""id"":""4747"",""name"":""salsa"",""title"":""O clima t√° quente no Brasil!! üòú‚òÄÔ∏èEscolha um ritmo latino pra dan√ßar e use #Salsa üíÉüíÉüíÉ Faz zumzumzum üéµ"",""cover"":""""},{""id"":""14891"",""name"":""bachata"",""title"":"""",""cover"":""""},{""id"":""13754"",""name"":""dwts"",""title"":"""",""cover"":""""},{""id"":""5283452"",""name"":""—Ç–∞–Ω–µ—Ü"",""title"":""–î–∞–≤–∞–π —Ç–∞–Ω—Ü–µ–≤–∞—Ç—å –≤–º–µ—Å—Ç–µ!üíÉüï∫üëØüëØ‚Äç‚ôÇÔ∏è"",""cover"":""""},{""id"":""10228940"",""name"":""dancecvideo"",""title"":"""",""cover"":""""},{""id"":""22819"",""name"":""samba"",""title"":"""",""cover"":""""}]","[]"
"7120670134003518766","7120670134003518766","Bachata üé∂ Dance Like a Pro üé• Panache Dance TV #dance #panachestarvideo #panachedancetv #danceworkout #fyp #fyp„Ç∑ #salsa #bachata #dwts #—Ç–∞–Ω–µ—Ü #dancecvideo #samba #merengue #—Ç–∞–Ω—Ü—ã",1657910215,"7109616067739747370","MS4wLjABAAAAE8RDUwJCo18CpmccErAWT0kiQlAwLQIzubG8s3cH1gQLFLVZl1Xj_OVuAXMelh67","panachedancetv","PanacheDanceTV",false,"Dance Workouts for the people who Love to Dance 
Subscribe üé• YouTube channel","https://p16-sign-va.tiktokcdn.com/tos-maliva-avt-0068/7116951272208465963~c5_1080x1080.jpeg?x-expires=1660114800&x-signature=todVcOfJ0Egidyi5CR830RgRq0s%3D",2,68,705,33,124,"7083178065446045698","Gogo Dance","El Alfa & Chael Produciendo",false,"Sabiduria","https://sf16-ies-music-va.tiktokcdn.com/obj/tos-useast2a-ve-2774/4b3c5e3f160e4e65b438c55eecf9c5ed","https://p16-amd-va.tiktokcdn.com/img/tos-useast2a-v-2774/1433dc9d5d5a408896fb0c66e3ad50b5~c5_100x100.jpeg","https://p16-amd-va.tiktokcdn.com/img/tos-useast2a-v-2774/1433dc9d5d5a408896fb0c66e3ad50b5~c5_200x200.jpeg","https://p16-amd-va.tiktokcdn.com/img/tos-useast2a-v-2774/1433dc9d5d5a408896fb0c66e3ad50b5~c5_720x720.jpeg",60,"https://p16-sign.tiktokcdn-us.com/obj/tos-useast5-p-0068-tx/508670e4e14a4961b8f47acddd6893d8_1657910216?x-expires=1659963600&x-signature=6C8GrVErJpcAv1AENRXETFcB6TE%3D","https://p16-sign.tiktokcdn-us.com/obj/tos-useast5-p-0068-tx/d9fc0b7cccac459c90565cbdef18fa03_1657910215?x-expires=1659963600&x-signature=RndHPRH5wyaXGZTc3W18wkZLCig%3D","https://p16-sign.tiktokcdn-us.com/obj/tos-useast5-p-0068-tx/c552bf80cfb548958c6bd9c5751e4115_1657910216?x-expires=1659963600&x-signature=vZpv18j9pFQiwoj4%2BNTtUxNyJWc%3D","https://www.tiktok.com/@panachedancetv/video/7120670134003518766","https://v16-webapp.tiktok.com/67fca92443dc9c4abaf325c3a043b5c9/62f1094f/video/tos/maliva/tos-maliva-ve-0068c799-us/55763aa703394b0d81d6ade60f97798c/?a=1988&ch=0&cr=0&dr=0&lr=tiktok_m&cd=0%7C0%7C0%7C0&br=3610&bt=1805&btag=80000&cs=0&ds=3&ft=eXd.6HFMMyq8Z1XR_we2Njv9Ll7Gb&mime_type=video_mp4&qs=0&rc=ODY6NGRlNWhpZ2k8aWk3NkBpM2xuZjg6Znl1ZTMzZzczNEBjYGJfMGE1Ni4xMS1iXi5gYSNyaDJlcjRvMjVgLS1kMS9zcw%3D%3D&l=20220808070157010217022077087E4749","","",1024,576,10,8,0,298,0,false,"[]","[{""id"":""5054"",""name"":""dance"",""title"":"""",""cover"":""""},{""id"":""1656267403370502"",""name"":""panachestarvideo"",""title"":"""",""cover"":""""},{""id"":""7116953289647718443"",""name"":""panachedancetv"",""title"":"""",""cover"":""""},{""id"":""1825084"",""name"":""danceworkout"",""title"":"""",""cover"":""""},{""id"":""229207"",""name"":""fyp"",""title"":"""",""cover"":""""},{""id"":""1637342470396934"",""name"":""fyp„Ç∑"",""title"":"""",""cover"":""""},{""id"":""4747"",""name"":""salsa"",""title"":""O clima t√° quente no Brasil!! üòú‚òÄÔ∏èEscolha um ritmo latino pra dan√ßar e use #Salsa üíÉüíÉüíÉ Faz zumzumzum üéµ"",""cover"":""""},{""id"":""14891"",""name"":""bachata"",""title"":"""",""cover"":""""},{""id"":""13754"",""name"":""dwts"",""title"":"""",""cover"":""""},{""id"":""5283452"",""name"":""—Ç–∞–Ω–µ—Ü"",""title"":""–î–∞–≤–∞–π —Ç–∞–Ω—Ü–µ–≤–∞—Ç—å –≤–º–µ—Å—Ç–µ!üíÉüï∫üëØüëØ‚Äç‚ôÇÔ∏è"",""cover"":""""},{""id"":""10228940"",""name"":""dancecvideo"",""title"":"""",""cover"":""""},{""id"":""22819"",""name"":""samba"",""title"":"""",""cover"":""""},{""id"":""15400"",""name"":""merengue"",""title"":"""",""cover"":""""},{""id"":""82977745"",""name"":""—Ç–∞–Ω—Ü—ã"",""title"":"""",""cover"":""""}]","[]"
"7119559207766166830","7119559207766166830","Rumba üé∂ Easy to Follow üé• Panache Dance TV YouTube #dance #panachestarvideo #panachedancetv #danceworkout #fyp #fyp„Ç∑ #salsa #bachata #dwts #—Ç–∞–Ω–µ—Ü #dancecvideo #samba #dancevideo #—Ç–∞–Ω—Ü—ã",1657651556,"7109616067739747370","MS4wLjABAAAAE8RDUwJCo18CpmccErAWT0kiQlAwLQIzubG8s3cH1gQLFLVZl1Xj_OVuAXMelh67","panachedancetv","PanacheDanceTV",false,"Dance Workouts for the people who Love to Dance 
Subscribe üé• YouTube channel","https://p16-sign-va.tiktokcdn.com/tos-maliva-avt-0068/7116951272208465963~c5_1080x1080.jpeg?x-expires=1660114800&x-signature=todVcOfJ0Egidyi5CR830RgRq0s%3D",2,68,705,33,124,"7089567171659336454","Originalton","Speed ‚ö°Ô∏è",true,"","https://sf16-ies-music-va.tiktokcdn.com/obj/musically-maliva-obj/7089567167243094789.mp3","https://p77-sign-va.tiktokcdn.com/tos-maliva-avt-0068/04c190b518a71d1d43f939ce2c99cd09~c5_100x100.jpeg?x-expires=1660114800&x-signature=FDk5QjWLBMT7%2BK96MzP5rJQ7NKc%3D","https://p77-sign-va.tiktokcdn.com/tos-maliva-avt-0068/04c190b518a71d1d43f939ce2c99cd09~c5_720x720.jpeg?x-expires=1660114800&x-signature=AwYd5atJMANgjRAI%2BvCjacEpf9o%3D","https://p77-sign-va.tiktokcdn.com/tos-maliva-avt-0068/04c190b518a71d1d43f939ce2c99cd09~c5_1080x1080.jpeg?x-expires=1660114800&x-signature=pQVjvKyASbF2xVv94GrMYs3Ww8U%3D",20,"https://p16-sign.tiktokcdn-us.com/obj/tos-useast5-p-0068-tx/d2610e4e626a4abe900785d632eab42e?x-expires=1659963600&x-signature=N%2F%2FT7gMvtPqAAX3qDhTrS09EmgQ%3D","https://p16-sign.tiktokcdn-us.com/obj/tos-useast5-p-0068-tx/fc4b9476a27d42eca0d123c7d481576d_1657651557?x-expires=1659963600&x-signature=%2BVyqNxXbilZ13dGkrtAi69vB02o%3D","https://p16-sign.tiktokcdn-us.com/obj/tos-useast5-p-0068-tx/7b0b76cbb1834a32b4eb3fbf3a96668a_1657651557?x-expires=1659963600&x-signature=e93s%2BoHOR6gPyZS5yjWLzDq%2FPxQ%3D","https://www.tiktok.com/@panachedancetv/video/7119559207766166830","https://v16-webapp.tiktok.com/0c15e4b467ad1d96b1479ee2dff0f4a1/62f1095a/video/tos/maliva/tos-maliva-ve-0068c799-us/27b2f318ba3f4a3cbb6a69102eb14274/?a=1988&ch=0&cr=0&dr=0&lr=tiktok_m&cd=0%7C0%7C0%7C0&br=4114&bt=2057&btag=80000&cs=0&ds=3&ft=eXd.6HFMMyq8Z1XR_we2Njv9Ll7Gb&mime_type=video_mp4&qs=0&rc=aDZkOzppOjU5OGc2MzxnO0BpajlrbTM6ZnR2ZTMzZzczNEAyLjA1Nl4wXzUxMjJfNjFgYSNrLy1xcjRfLjNgLS1kMS9zcw%3D%3D&l=20220808070157010217022077087E4749","","",1024,576,21,7,0,252,0,false,"[]","[{""id"":""5054"",""name"":""dance"",""title"":"""",""cover"":""""},{""id"":""1656267403370502"",""name"":""panachestarvideo"",""title"":"""",""cover"":""""},{""id"":""7116953289647718443"",""name"":""panachedancetv"",""title"":"""",""cover"":""""},{""id"":""1825084"",""name"":""danceworkout"",""title"":"""",""cover"":""""},{""id"":""229207"",""name"":""fyp"",""title"":"""",""cover"":""""},{""id"":""1637342470396934"",""name"":""fyp„Ç∑"",""title"":"""",""cover"":""""},{""id"":""4747"",""name"":""salsa"",""title"":""O clima t√° quente no Brasil!! üòú‚òÄÔ∏èEscolha um ritmo latino pra dan√ßar e use #Salsa üíÉüíÉüíÉ Faz zumzumzum üéµ"",""cover"":""""},{""id"":""14891"",""name"":""bachata"",""title"":"""",""cover"":""""},{""id"":""13754"",""name"":""dwts"",""title"":"""",""cover"":""""},{""id"":""5283452"",""name"":""—Ç–∞–Ω–µ—Ü"",""title"":""–î–∞–≤–∞–π —Ç–∞–Ω—Ü–µ–≤–∞—Ç—å –≤–º–µ—Å—Ç–µ!üíÉüï∫üëØüëØ‚Äç‚ôÇÔ∏è"",""cover"":""""},{""id"":""10228940"",""name"":""dancecvideo"",""title"":"""",""cover"":""""},{""id"":""22819"",""name"":""samba"",""title"":"""",""cover"":""""},{""id"":""84220"",""name"":""dancevideo"",""title"":"""",""cover"":""""},{""id"":""82977745"",""name"":""—Ç–∞–Ω—Ü—ã"",""title"":"""",""cover"":""""}]","[]"
"7118168433744678186","7118168433744678186","Cha Cha üé∂ Dance Tutorial üé• Panache Dance TV #dance #panachestarvideo #panachedancetv #danceworkout #fyp #fyp„Ç∑ #salsa #bachata #dwts #—Ç–∞–Ω–µ—Ü #dancecvideo",1657327739,"7109616067739747370","MS4wLjABAAAAE8RDUwJCo18CpmccErAWT0kiQlAwLQIzubG8s3cH1gQLFLVZl1Xj_OVuAXMelh67","panachedancetv","PanacheDanceTV",false,"Dance Workouts for the people who Love to Dance 
Subscribe üé• YouTube channel","https://p16-sign-va.tiktokcdn.com/tos-maliva-avt-0068/7116951272208465963~c5_1080x1080.jpeg?x-expires=1660114800&x-signature=todVcOfJ0Egidyi5CR830RgRq0s%3D",2,68,705,33,124,"7118168411150240558","original sound","PanacheDanceTV",true,"","https://sf16-ies-music-va.tiktokcdn.com/obj/ies-music-ttp-dup-us/7118168439168060203.mp3","https://p16-sign-va.tiktokcdn.com/tos-maliva-avt-0068/7116951272208465963~c5_100x100.jpeg?x-expires=1660114800&x-signature=5lRgCukG4AAgbxqthX%2BB1RChPkA%3D","https://p16-sign-va.tiktokcdn.com/tos-maliva-avt-0068/7116951272208465963~c5_720x720.jpeg?x-expires=1660114800&x-signature=vh9lgmI39aoVC2XfM5I%2BvdRKTqI%3D","https://p16-sign-va.tiktokcdn.com/tos-maliva-avt-0068/7116951272208465963~c5_1080x1080.jpeg?x-expires=1660114800&x-signature=todVcOfJ0Egidyi5CR830RgRq0s%3D",43,"https://p16-sign.tiktokcdn-us.com/obj/tos-useast5-p-0068-tx/26233bb6132543b18d1e2e99b3306732?x-expires=1659963600&x-signature=YkdzueI5bj1KhsVq5FfZu5NVnAY%3D","https://p16-sign.tiktokcdn-us.com/obj/tos-useast5-p-0068-tx/039b1474de814d24a41e59bae991f9c5_1657327741?x-expires=1659963600&x-signature=qq6QWEeoD4UXUm4JyFNjANsCKRg%3D","https://p16-sign.tiktokcdn-us.com/obj/tos-useast5-p-0068-tx/7bd0dde6059e4fbe9858a699269a459b_1657327741?x-expires=1659963600&x-signature=Xu%2FJQaI%2FStePjSCTFLeyVnWghKs%3D","https://www.tiktok.com/@panachedancetv/video/7118168433744678186","https://v16-webapp.tiktok.com/1ef5071b22ef1ab5bbf38d894cd70d3f/62f10970/video/tos/maliva/tos-maliva-ve-0068c799-us/3904379cda7c48afb8bf613a48d76788/?a=1988&ch=0&cr=0&dr=0&lr=tiktok_m&cd=0%7C0%7C0%7C0&br=5576&bt=2788&btag=80000&cs=0&ds=3&ft=eXd.6HFMMyq8Z1XR_we2Njv9Ll7Gb&mime_type=video_mp4&qs=0&rc=Zjw7N2Y7NjtoZDM0NmdpPEBpMzR1eWU6ZnhmZTMzZzczNEAyYzJiLWJgXi8xMTA0MjI1YSM1X3JocjRfcjFgLS1kMS9zcw%3D%3D&l=20220808070157010217022077087E4749","","",1024,576,43,5,0,233,0,false,"[]","[{""id"":""5054"",""name"":""dance"",""title"":"""",""cover"":""""},{""id"":""1656267403370502"",""name"":""panachestarvideo"",""title"":"""",""cover"":""""},{""id"":""7116953289647718443"",""name"":""panachedancetv"",""title"":"""",""cover"":""""},{""id"":""1825084"",""name"":""danceworkout"",""title"":"""",""cover"":""""},{""id"":""229207"",""name"":""fyp"",""title"":"""",""cover"":""""},{""id"":""1637342470396934"",""name"":""fyp„Ç∑"",""title"":"""",""cover"":""""},{""id"":""4747"",""name"":""salsa"",""title"":""O clima t√° quente no Brasil!! üòú‚òÄÔ∏èEscolha um ritmo latino pra dan√ßar e use #Salsa üíÉüíÉüíÉ Faz zumzumzum üéµ"",""cover"":""""},{""id"":""14891"",""name"":""bachata"",""title"":"""",""cover"":""""},{""id"":""13754"",""name"":""dwts"",""title"":"""",""cover"":""""},{""id"":""5283452"",""name"":""—Ç–∞–Ω–µ—Ü"",""title"":""–î–∞–≤–∞–π —Ç–∞–Ω—Ü–µ–≤–∞—Ç—å –≤–º–µ—Å—Ç–µ!üíÉüï∫üëØüëØ‚Äç‚ôÇÔ∏è"",""cover"":""""},{""id"":""10228940"",""name"":""dancecvideo"",""title"":"""",""cover"":""""}]","[]"
"7115016421595237659","7115016421595237659","#foryou #foryoupage #fyp„Ç∑ #tiktokbdbangladesh #duet #dancecvideo #adhora2013",1656593857,"6723207339162289157","MS4wLjABAAAAEpzIkF99spLJidLMI_IW4waeN-0WTd2DkFVsdEtA8jwzIxEVYh23IMU_IWY-ZcNv","adhora2013","Tashfia khan Adhoraü¶ãüòç",false,"Princess  Adhoraüòçü•∞
Facebook id üëáüèª","https://p16-sign-va.tiktokcdn.com/tos-useast2a-avt-0068-giso/d66205b73b55b40609f58bf4b99ae344~c5_1080x1080.jpeg?x-expires=1660114800&x-signature=TWrU%2B%2BWRHlGvGi2GB0sR1fMKL5Y%3D",209,11300,41600,1652,17300,"7115016479858363163","original sound","Tashfia khan Adhoraü¶ãüòç",true,"","https://sf16-ies-music.tiktokcdn.com/obj/ies-music-aiso/7115016501484178202.mp3","https://p16-sign-va.tiktokcdn.com/tos-useast2a-avt-0068-giso/d66205b73b55b40609f58bf4b99ae344~c5_100x100.jpeg?x-expires=1660114800&x-signature=uLjkBIJCgpBF8EqyZ3U8anVKaOc%3D","https://p16-sign-va.tiktokcdn.com/tos-useast2a-avt-0068-giso/d66205b73b55b40609f58bf4b99ae344~c5_720x720.jpeg?x-expires=1660114800&x-signature=GDpnAhhhVVoidn3Mw5LBD%2BKRM8w%3D","https://p16-sign-va.tiktokcdn.com/tos-useast2a-avt-0068-giso/d66205b73b55b40609f58bf4b99ae344~c5_1080x1080.jpeg?x-expires=1660114800&x-signature=TWrU%2B%2BWRHlGvGi2GB0sR1fMKL5Y%3D",19,"https://p16-sign-va.tiktokcdn.com/obj/tos-useast2a-p-0037-aiso/f1de364404804a3986ffb83a3c9e0a09?x-expires=1659963600&x-signature=Y4W14zjIvoeMalH4EymaF83XXe0%3D","https://p16-sign-va.tiktokcdn.com/obj/tos-useast2a-p-0037-aiso/ad5b8302470c49959ee0e94c946be5a6_1656593861?x-expires=1659963600&x-signature=UbhYDN%2FqYpwppJF3HXoaW7uebvE%3D","https://p16-sign-va.tiktokcdn.com/obj/tos-useast2a-p-0037-aiso/78a3e5ed1fb44ffd8259a57adb32f326_1656593862?x-expires=1659963600&x-signature=%2FHwAMVI5p6D4%2F7MkimTRYV50jIY%3D","https://www.tiktok.com/@adhora2013/video/7115016421595237659","https://v16-webapp.tiktok.com/3d63572e0e0041cfd9d957e93876c295/62f10958/video/tos/useast2a/tos-useast2a-pve-0037c001-aiso/dd0a2f84eba14541ac018e968ac4dfb6/?a=1988&ch=0&cr=0&dr=0&lr=tiktok_m&cd=0%7C0%7C1%7C0&cv=1&br=3268&bt=1634&btag=80000&cs=0&ds=3&ft=eXd.6HFMMyq8Z1XR_we2Njv9Ll7Gb&mime_type=video_mp4&qs=0&rc=N2loOjM4O2czNDo7OmZmZ0Bpajc8djc6ZjlzZDMzZjczM0BeLTQwLl8tNS0xNV4xMzI2YSNlbzE1cjRnb3JgLS1kMWNzcw%3D%3D&l=20220808070157010217022077087E4749","","",960,540,19,43,24,476,5,false,"[]","[{""id"":""42164"",""name"":""foryou"",""title"":"""",""cover"":""""},{""id"":""88764338"",""name"":""foryoupage"",""title"":"""",""cover"":""""},{""id"":""1637342470396934"",""name"":""fyp„Ç∑"",""title"":"""",""cover"":""""},{""id"":""1612105950486533"",""name"":""tiktokbdbangladesh"",""title"":"""",""cover"":""""},{""id"":""30496"",""name"":""duet"",""title"":""Use our Duet feature because two is always better than one."",""cover"":""https://p16-amd-va.tiktokcdn.com/obj/musically-maliva-obj/dff7a84f4a6523e32f92b9a79b1e4d34""},{""id"":""10228940"",""name"":""dancecvideo"",""title"":"""",""cover"":""""},{""id"":""1706724963735562"",""name"":""adhora2013"",""title"":"""",""cover"":""""}]","[]"
"7121834047952817454","7121834047952817454","Dance Workouts üé∂ Samba üé∂ Easy to Follow üé• Panache Dance TV #dance #panachestarvideo #panachedancetv #danceworkout #fyp #fyp„Ç∑ #salsa #bachata #dwts #—Ç–∞–Ω–µ—Ü #dancecvideo #samba",1658181208,"7109616067739747370","MS4wLjABAAAAE8RDUwJCo18CpmccErAWT0kiQlAwLQIzubG8s3cH1gQLFLVZl1Xj_OVuAXMelh67","panachedancetv","PanacheDanceTV",false,"Dance Workouts for the people who Love to Dance 
Subscribe üé• YouTube channel","https://p16-sign-va.tiktokcdn.com/tos-maliva-avt-0068/7116951272208465963~c5_1080x1080.jpeg?x-expires=1660114800&x-signature=todVcOfJ0Egidyi5CR830RgRq0s%3D",2,68,705,33,124,"7067706375530777350","sonido original","Johnnyüéß",true,"","https://sf16-ies-music-va.tiktokcdn.com/obj/musically-maliva-obj/7067706364709128965.mp3","https://p16-sign-va.tiktokcdn.com/tos-maliva-avt-0068/c7962c510818751f86e5a6fb3958d0ba~c5_100x100.jpeg?x-expires=1660114800&x-signature=FVoVGMAJXGIxcwdgV2LlsExqVvw%3D","https://p16-sign-va.tiktokcdn.com/tos-maliva-avt-0068/c7962c510818751f86e5a6fb3958d0ba~c5_720x720.jpeg?x-expires=1660114800&x-signature=8qMUrrKdOC5Zdj8qq9qIgAFAgH4%3D","https://p16-sign-va.tiktokcdn.com/tos-maliva-avt-0068/c7962c510818751f86e5a6fb3958d0ba~c5_1080x1080.jpeg?x-expires=1660114800&x-signature=rzaE2%2FnxfJfxlgGF8ngnxEHFPhM%3D",20,"https://p16-sign.tiktokcdn-us.com/obj/tos-useast5-p-0068-tx/56f977b503fb42b09da2b54f2c7b2b18?x-expires=1659963600&x-signature=03koqinsQM4MOU775PUg%2BFlBVyU%3D","https://p16-sign.tiktokcdn-us.com/obj/tos-useast5-p-0068-tx/eeb87bf1d25e426a9e0b34325cec6985_1658181209?x-expires=1659963600&x-signature=v2pEqFsmUe7pIBY0RzC0retW0fU%3D","https://p16-sign.tiktokcdn-us.com/obj/tos-useast5-p-0068-tx/7178b0b3108747e2ad63cd0e72d1c5ab_1658181209?x-expires=1659963600&x-signature=HSLqWZw74Gi1ggWHRGL2HMXwTUw%3D","https://www.tiktok.com/@panachedancetv/video/7121834047952817454","https://v16-webapp.tiktok.com/53a2fca97a99a6351d4e2922defea4f6/62f1094f/video/tos/maliva/tos-maliva-ve-0068c799-us/4aa9d8b78c254c4faf4a7f55f9ef50b9/?a=1988&ch=0&cr=0&dr=0&lr=tiktok_m&cd=0%7C0%7C0%7C0&br=2904&bt=1452&btag=80000&cs=0&ds=3&ft=eXd.6HFMMyq8Z1XR_we2Njv9Ll7Gb&mime_type=video_mp4&qs=0&rc=OjtkOjg5ZDY4aGdkZWQ0N0BpanJuNmc6Zmh3ZTMzZzczNEA2NF42Ml5gNWMxXy1jYWEtYSNwaGozcjQwXl5gLS1kMS9zcw%3D%3D&l=20220808070157010217022077087E4749","","",1024,576,10,3,0,35,0,false,"[]","[{""id"":""5054"",""name"":""dance"",""title"":"""",""cover"":""""},{""id"":""1656267403370502"",""name"":""panachestarvideo"",""title"":"""",""cover"":""""},{""id"":""7116953289647718443"",""name"":""panachedancetv"",""title"":"""",""cover"":""""},{""id"":""1825084"",""name"":""danceworkout"",""title"":"""",""cover"":""""},{""id"":""229207"",""name"":""fyp"",""title"":"""",""cover"":""""},{""id"":""1637342470396934"",""name"":""fyp„Ç∑"",""title"":"""",""cover"":""""},{""id"":""4747"",""name"":""salsa"",""title"":""O clima t√° quente no Brasil!! üòú‚òÄÔ∏èEscolha um ritmo latino pra dan√ßar e use #Salsa üíÉüíÉüíÉ Faz zumzumzum üéµ"",""cover"":""""},{""id"":""14891"",""name"":""bachata"",""title"":"""",""cover"":""""},{""id"":""13754"",""name"":""dwts"",""title"":"""",""cover"":""""},{""id"":""5283452"",""name"":""—Ç–∞–Ω–µ—Ü"",""title"":""–î–∞–≤–∞–π —Ç–∞–Ω—Ü–µ–≤–∞—Ç—å –≤–º–µ—Å—Ç–µ!üíÉüï∫üëØüëØ‚Äç‚ôÇÔ∏è"",""cover"":""""},{""id"":""10228940"",""name"":""dancecvideo"",""title"":"""",""cover"":""""},{""id"":""22819"",""name"":""samba"",""title"":"""",""cover"":""""}]","[]"
"7120591705337974062","7120591705337974062","Panache Dance TV üé∂ Dance Workouts on YouTube üé• #dance #panachestarvideo #panachedancetv #danceworkout #fyp #fyp„Ç∑ #salsa #bachata #dwts #—Ç–∞–Ω–µ—Ü #dancecvideo",1657891958,"7109616067739747370","MS4wLjABAAAAE8RDUwJCo18CpmccErAWT0kiQlAwLQIzubG8s3cH1gQLFLVZl1Xj_OVuAXMelh67","panachedancetv","PanacheDanceTV",false,"Dance Workouts for the people who Love to Dance 
Subscribe üé• YouTube channel","https://p16-sign-va.tiktokcdn.com/tos-maliva-avt-0068/7116951272208465963~c5_1080x1080.jpeg?x-expires=1660114800&x-signature=todVcOfJ0Egidyi5CR830RgRq0s%3D",2,68,705,33,124,"7092213579738549038","original sound","OLEG ASTAKHOV",true,"","https://sf16-ies-music-va.tiktokcdn.com/obj/ies-music-ttp-dup-us/7092213593155980074.mp3","https://p16-sign-va.tiktokcdn.com/musically-maliva-obj/1643268650528773~c5_100x100.jpeg?x-expires=1660114800&x-signature=RUwrYrmFqc03aczz20Ru9E16u5E%3D","https://p16-sign-va.tiktokcdn.com/musically-maliva-obj/1643268650528773~c5_720x720.jpeg?x-expires=1660114800&x-signature=QbjjfusQTonOXUs6lWfu7D0i4uU%3D","https://p16-sign-va.tiktokcdn.com/musically-maliva-obj/1643268650528773~c5_1080x1080.jpeg?x-expires=1660114800&x-signature=Iim8yrY6gF7SMpqxFTBwleFrGag%3D",13,"https://p16-sign.tiktokcdn-us.com/obj/tos-useast5-p-0068-tx/89ee329768b64ab9878d5f645d1fccce?x-expires=1659963600&x-signature=1Vy%2FUfXnqqGPZBiFrOOQDYNtzhk%3D","https://p16-sign.tiktokcdn-us.com/obj/tos-useast5-p-0068-tx/a270ac688b464ed4a37ea33280e08ca8_1657891959?x-expires=1659963600&x-signature=A91FpEzarKJKIL5N%2BeEHR7PYG8Y%3D","https://p19-sign.tiktokcdn-us.com/obj/tos-useast5-p-0068-tx/41aae984644842dc9a67294de4ba2794_1657891959?x-expires=1659963600&x-signature=qENZzLOqwaJACCfTmMINVEGYQZQ%3D","https://www.tiktok.com/@panachedancetv/video/7120591705337974062","https://v16-webapp.tiktok.com/554878874ff37e2c7bb990f560434409/62f10952/video/tos/maliva/tos-maliva-ve-0068c799-us/014c8f30e51f4b459d9d05724f74e564/?a=1988&ch=0&cr=0&dr=0&lr=tiktok_m&cd=0%7C0%7C0%7C0&br=7052&bt=3526&btag=80000&cs=0&ds=3&ft=eXd.6HFMMyq8Z1XR_we2Njv9Ll7Gb&mime_type=video_mp4&qs=0&rc=NjUzZDNnOGVkO2g3M2k7aUBpajM0OTw6ZmRwZTMzZzczNEBiMjMtXjNiNS4xMmAtXmI1YSNeYHBkcjQwYjVgLS1kMS9zcw%3D%3D&l=20220808070157010217022077087E4749","","",1024,576,13,6,0,58,0,false,"[]","[{""id"":""5054"",""name"":""dance"",""title"":"""",""cover"":""""},{""id"":""1656267403370502"",""name"":""panachestarvideo"",""title"":"""",""cover"":""""},{""id"":""7116953289647718443"",""name"":""panachedancetv"",""title"":"""",""cover"":""""},{""id"":""1825084"",""name"":""danceworkout"",""title"":"""",""cover"":""""},{""id"":""229207"",""name"":""fyp"",""title"":"""",""cover"":""""},{""id"":""1637342470396934"",""name"":""fyp„Ç∑"",""title"":"""",""cover"":""""},{""id"":""4747"",""name"":""salsa"",""title"":""O clima t√° quente no Brasil!! üòú‚òÄÔ∏èEscolha um ritmo latino pra dan√ßar e use #Salsa üíÉüíÉüíÉ Faz zumzumzum üéµ"",""cover"":""""},{""id"":""14891"",""name"":""bachata"",""title"":"""",""cover"":""""},{""id"":""13754"",""name"":""dwts"",""title"":"""",""cover"":""""},{""id"":""5283452"",""name"":""—Ç–∞–Ω–µ—Ü"",""title"":""–î–∞–≤–∞–π —Ç–∞–Ω—Ü–µ–≤–∞—Ç—å –≤–º–µ—Å—Ç–µ!üíÉüï∫üëØüëØ‚Äç‚ôÇÔ∏è"",""cover"":""""},{""id"":""10228940"",""name"":""dancecvideo"",""title"":"""",""cover"":""""}]","[]"
"7119903153172073771","7119903153172073771","Bachata üé∂ Dance Like a Pro üé• Panache Dance TV #dance #panachestarvideo #panachedancetv #danceworkout #fyp #fyp„Ç∑ #salsa #bachata #dwts #—Ç–∞–Ω–µ—Ü #dancecvideo #—Ç–∞–Ω—Ü—ã",1657731637,"7109616067739747370","MS4wLjABAAAAE8RDUwJCo18CpmccErAWT0kiQlAwLQIzubG8s3cH1gQLFLVZl1Xj_OVuAXMelh67","panachedancetv","PanacheDanceTV",false,"Dance Workouts for the people who Love to Dance 
Subscribe üé• YouTube channel","https://p16-sign-va.tiktokcdn.com/tos-maliva-avt-0068/7116951272208465963~c5_1080x1080.jpeg?x-expires=1660114800&x-signature=todVcOfJ0Egidyi5CR830RgRq0s%3D",2,68,705,33,124,"7065370522053593857","–æ—Ä–∏–≥–∏–Ω–∞–ª—å–Ω—ã–π –∑–≤—É–∫","Arkady Aristov",true,"","https://sf16-ies-music-sg.tiktokcdn.com/obj/tiktok-obj/7065370502169365249.mp3","https://p58-sign-sg.tiktokcdn.com/aweme/100x100/tos-alisg-avt-0068/88bb6efe48e6d51d67128f28988e74f4.jpeg?x-expires=1660114800&x-signature=OebFmW7xIAaZoaTfYu6OxhHr4jo%3D","https://p16-sign-sg.tiktokcdn.com/aweme/720x720/tos-alisg-avt-0068/88bb6efe48e6d51d67128f28988e74f4.jpeg?x-expires=1660114800&x-signature=Hg%2BEuvFW0BQDLLmcw6lfyEKL8xs%3D","https://p16-sign-sg.tiktokcdn.com/aweme/1080x1080/tos-alisg-avt-0068/88bb6efe48e6d51d67128f28988e74f4.jpeg?x-expires=1660114800&x-signature=8pv1Yzn3%2FOxpEp3eFP0jFoIVhx0%3D",12,"https://p16-sign.tiktokcdn-us.com/obj/tos-useast5-p-0068-tx/ecbca17546c149ff9caad9c6f3ec9635?x-expires=1659963600&x-signature=ssCpOVpnASVWQ50qwKGVg2j%2FWuA%3D","https://p16-sign.tiktokcdn-us.com/obj/tos-useast5-p-0068-tx/9af62249f41147ff9db92b4849e01db3_1657731638?x-expires=1659963600&x-signature=vHjvkNuAl0j1PpWUrbcXsoEZGb8%3D","https://p16-sign.tiktokcdn-us.com/obj/tos-useast5-p-0068-tx/64b438f86f1e4d78b5392ec06586dd39_1657731639?x-expires=1659963600&x-signature=JgcJ2geGBW8SJ1GfYDeZn6mWg9M%3D","https://www.tiktok.com/@panachedancetv/video/7119903153172073771","https://v16-webapp.tiktok.com/789ec4eabaa82bbca3c4784f5433ea6f/62f10951/video/tos/maliva/tos-maliva-ve-0068c799-us/2880800eeec34770a218d184f2f50218/?a=1988&ch=0&cr=0&dr=0&lr=tiktok_m&cd=0%7C0%7C0%7C0&br=3576&bt=1788&btag=80000&cs=0&ds=3&ft=eXd.6HFMMyq8Z1XR_we2Njv9Ll7Gb&mime_type=video_mp4&qs=0&rc=ODtkOzU8OGlnNWhnO2k3NkBpam0zeDw6ZnJpZTMzZzczNEBgXi4xY14xXjQxLV5fYV9jYSNlYi9icjRnZjRgLS1kMS9zcw%3D%3D&l=20220808070157010217022077087E4749","","",1024,576,12,5,0,114,0,false,"[]","[{""id"":""5054"",""name"":""dance"",""title"":"""",""cover"":""""},{""id"":""1656267403370502"",""name"":""panachestarvideo"",""title"":"""",""cover"":""""},{""id"":""7116953289647718443"",""name"":""panachedancetv"",""title"":"""",""cover"":""""},{""id"":""1825084"",""name"":""danceworkout"",""title"":"""",""cover"":""""},{""id"":""229207"",""name"":""fyp"",""title"":"""",""cover"":""""},{""id"":""1637342470396934"",""name"":""fyp„Ç∑"",""title"":"""",""cover"":""""},{""id"":""4747"",""name"":""salsa"",""title"":""O clima t√° quente no Brasil!! üòú‚òÄÔ∏èEscolha um ritmo latino pra dan√ßar e use #Salsa üíÉüíÉüíÉ Faz zumzumzum üéµ"",""cover"":""""},{""id"":""14891"",""name"":""bachata"",""title"":"""",""cover"":""""},{""id"":""13754"",""name"":""dwts"",""title"":"""",""cover"":""""},{""id"":""5283452"",""name"":""—Ç–∞–Ω–µ—Ü"",""title"":""–î–∞–≤–∞–π —Ç–∞–Ω—Ü–µ–≤–∞—Ç—å –≤–º–µ—Å—Ç–µ!üíÉüï∫üëØüëØ‚Äç‚ôÇÔ∏è"",""cover"":""""},{""id"":""10228940"",""name"":""dancecvideo"",""title"":"""",""cover"":""""},{""id"":""82977745"",""name"":""—Ç–∞–Ω—Ü—ã"",""title"":"""",""cover"":""""}]","[]"
"7120230291930697003","7120230291930697003","Bachata üé∂ Easy to Follow üé• Subscribe Panache Dance TV YouTube channel üé∂ Dance Workouts #dance #panachestarvideo #panachedancetv #danceworkout #fyp #fyp„Ç∑ #salsa #bachata #dwts #—Ç–∞–Ω–µ—Ü #dancecvideo #merengue",1657807807,"7109616067739747370","MS4wLjABAAAAE8RDUwJCo18CpmccErAWT0kiQlAwLQIzubG8s3cH1gQLFLVZl1Xj_OVuAXMelh67","panachedancetv","PanacheDanceTV",false,"Dance Workouts for the people who Love to Dance 
Subscribe üé• YouTube channel","https://p16-sign-va.tiktokcdn.com/tos-maliva-avt-0068/7116951272208465963~c5_1080x1080.jpeg?x-expires=1660114800&x-signature=todVcOfJ0Egidyi5CR830RgRq0s%3D",2,68,705,33,124,"7101429841202776066","La Bachata","Manuel Turizo",false,"La Bachata","https://sf16-ies-music-va.tiktokcdn.com/obj/tos-useast2a-ve-2774/87e8ef371c554fda91c2c1277b6e8fa3","https://p16-amd-va.tiktokcdn.com/img/tos-useast2a-v-2774/5f752facc0af476fa4b2908399193676~c5_100x100.jpeg","https://p16-amd-va.tiktokcdn.com/img/tos-useast2a-v-2774/5f752facc0af476fa4b2908399193676~c5_200x200.jpeg","https://p16-amd-va.tiktokcdn.com/img/tos-useast2a-v-2774/5f752facc0af476fa4b2908399193676~c5_720x720.jpeg",60,"https://p16-sign.tiktokcdn-us.com/obj/tos-useast5-p-0068-tx/122feb6f30474611b9df961e1188e55f?x-expires=1659963600&x-signature=n5mtTE8009LA6hkR%2FlExF9%2BRBDg%3D","https://p19-sign.tiktokcdn-us.com/obj/tos-useast5-p-0068-tx/1fa8c1f8d16b463494f67486532b08f6_1657807808?x-expires=1659963600&x-signature=W8yq1dqpRYGwa8U9%2BgzrkMrEMOU%3D","https://p16-sign.tiktokcdn-us.com/obj/tos-useast5-p-0068-tx/0884be8b802840c0bebc9a7949826727_1657807808?x-expires=1659963600&x-signature=w82B%2BiZ9Z0U0xNh2p1ZaLFZypvQ%3D","https://www.tiktok.com/@panachedancetv/video/7120230291930697003","https://v16-webapp.tiktok.com/30918612bffbe5b769e3c9be121401f7/62f10954/video/tos/maliva/tos-maliva-ve-0068c799-us/4a3c0ff6dc384fdd9fd3afd459d0c5ac/?a=1988&ch=0&cr=0&dr=0&lr=tiktok_m&cd=0%7C0%7C0%7C0&br=3180&bt=1590&btag=80000&cs=0&ds=3&ft=eXd.6HFMMyq8Z1XR_we2Njv9Ll7Gb&mime_type=video_mp4&qs=0&rc=ZTtlZTY7ZTc0OztpaTk6Z0BpajVkNmc6Zmk1ZTMzZzczNEAxLl9eMzE2Xi4xMi9fXi41YSNsbWczcjQwMjVgLS1kMS9zcw%3D%3D&l=20220808070157010217022077087E4749","","",1024,576,15,6,0,72,1,false,"[]","[{""id"":""5054"",""name"":""dance"",""title"":"""",""cover"":""""},{""id"":""1656267403370502"",""name"":""panachestarvideo"",""title"":"""",""cover"":""""},{""id"":""7116953289647718443"",""name"":""panachedancetv"",""title"":"""",""cover"":""""},{""id"":""1825084"",""name"":""danceworkout"",""title"":"""",""cover"":""""},{""id"":""229207"",""name"":""fyp"",""title"":"""",""cover"":""""},{""id"":""1637342470396934"",""name"":""fyp„Ç∑"",""title"":"""",""cover"":""""},{""id"":""4747"",""name"":""salsa"",""title"":""O clima t√° quente no Brasil!! üòú‚òÄÔ∏èEscolha um ritmo latino pra dan√ßar e use #Salsa üíÉüíÉüíÉ Faz zumzumzum üéµ"",""cover"":""""},{""id"":""14891"",""name"":""bachata"",""title"":"""",""cover"":""""},{""id"":""13754"",""name"":""dwts"",""title"":"""",""cover"":""""},{""id"":""5283452"",""name"":""—Ç–∞–Ω–µ—Ü"",""title"":""–î–∞–≤–∞–π —Ç–∞–Ω—Ü–µ–≤–∞—Ç—å –≤–º–µ—Å—Ç–µ!üíÉüï∫üëØüëØ‚Äç‚ôÇÔ∏è"",""cover"":""""},{""id"":""10228940"",""name"":""dancecvideo"",""title"":"""",""cover"":""""},{""id"":""15400"",""name"":""merengue"",""title"":"""",""cover"":""""}]","[]"